Location,Category,Business Name,Phone Number,Website URL,Rating,Review Count,Reviews,Has_Website,Has_Phone
Nashik Road,fine dining restaurant,"Curry Leaves Pure Veg , Jehan Circle",077220 15994,,4.3,10444.0,10444,False,True
Nashik Road,fine dining restaurant,Veg Aroma,083800 32373,,4.0,7158.0,7158,False,True
Nashik Road,fine dining restaurant,Bon Vivant,0253 231 4460,,4.1,7077.0,7077,False,True
Nashik Road,restro bar,Kaka Ka Dhaba,090112 38000,,3.9,5526.0,5526,False,True
Nashik Road,restro bar,Yahoo Hotel Restaurant & Bar Nashik,0253 257 1748,,4.1,4383.0,4383,False,True
Nashik Road,fine dining restaurant,"Curry Leaves, Indira Nagar - Hotel, Restaurant, Banquet, Rooms",094231 89995,,4.4,3736.0,3736,False,True
Nashik Road,cafe,Modern Cafe Nashik,0253 618 0814,,4.2,3624.0,3624,False,True
Nashik Road,fine dining restaurant,Barbeque Ville,083800 45222,,4.1,3446.0,3446,False,True
Nashik Road,restro bar,River Dine Restaurant & Banquet,099232 73444,,4.1,3100.0,3100,False,True
Nashik Road,cafe,Shree Purohit Thali®,0253 246 3407,,4.2,2923.0,2923,False,True
Nashik Road,fine dining restaurant,The Cobble Street (TCS),083809 98099,,4.2,2772.0,2772,False,True
Nashik Road,restro bar,Hotel Sadhguru,075584 63118,,4.1,2510.0,2510,False,True
Nashik Road,fine dining restaurant,Spice Route,099229 92231,,4.0,2377.0,2377,False,True
Nashik Road,cafe,Hotel Durga © | हॉटेल दुर्गा © | Fast Food Pure Veg Restaurant | Best Cafe in Nashik,096652 08277,,4.5,2346.0,2346,False,True
Nashik Road,fine dining restaurant,Udupi Tadka High Gardens Pure Veg restaurant,089560 36925,,4.4,2302.0,2302,False,True
Nashik Road,premium bakery,Luscious Layers,077220 82092,,4.2,2294.0,2294,False,True
Nashik Road,fine dining restaurant,Annapoorna hotel,099603 60855,,4.0,2281.0,2281,False,True
Nashik Road,fine dining restaurant,Udupi Tadka's Hariyali Veg Restaurant & Party Hall,089560 36930,,4.2,2147.0,2147,False,True
Nashik Road,restro bar,Shack Multi-Cuisine,088888 88853,,4.1,1943.0,1943,False,True
Nashik Road,cafe,Sandy's Recipe,098600 00011,,3.8,1802.0,1802,False,True
Nashik Road,fine dining restaurant,Haji Darbar Restaurant,098909 78600,,4.1,1775.0,1775,False,True
Nashik Road,fine dining restaurant,Baracco Alfresco. Bar. Banquets | Multi Cuisine Restaurant,077700 08011,,4.3,1617.0,1617,False,True
Nashik Road,cafe,New Rasoi Restaurant Nashik,098810 79090,,4.1,1609.0,1609,False,True
Nashik Road,premium bike modification,AJIT MOTORS HELMET SHOWROOM (Since 1958),087937 21007,,4.8,1568.0,1568,False,True
Nashik Road,premium salon,Sarathe'S International hair and beauty family Salon,090491 26395,,4.7,1468.0,1468,False,True
Nashik Road,custom jewelry designer,Tejaswi Jewellers Jawaharlal Motilal saraf,077670 22000,,4.6,1400.0,1400,False,True
Nashik Road,cafe,"Chai Ketali, College Road, Nashik",098909 78676,,4.0,1388.0,1388,False,True
Nashik Road,premium salon,Mirror Salon & Academy,093095 19704,,4.8,1363.0,1363,False,True
Nashik Road,fine dining restaurant,Dil Se Desi - Nashik,099232 06360,,4.1,1312.0,1312,False,True
Nashik Road,cafe,Cafe Bliss,084849 52735,,4.1,1196.0,1196,False,True
Nashik Road,custom jewelry designer,Bhandari Jewellery Galaxy Pvt Ltd,0253 664 0000,,4.7,1184.0,1184,False,True
Nashik Road,specialty coffee shop,Sippers Choice Chai Cafe,091756 66333,,3.8,1170.0,1170,False,True
Nashik Road,specialty coffee shop,Stamping Ground,095031 41111,,4.1,1097.0,1097,False,True
Nashik Road,fine dining restaurant,Jai Jagannath Restaurant,092704 69069,,3.9,993.0,993,False,True
Nashik Road,restro bar,Patang restaurant and bar,077220 30040,,4.1,947.0,947,False,True
Nashik Road,restro bar,GPS 99 RESTAURANT,086691 10119,,4.0,937.0,937,False,True
Nashik Road,cafe,"Pokket cafe, Ashoka marg, Nashik",096736 97656,,4.4,923.0,923,False,True
Nashik Road,premium bakery,Fresh-Up Bakery,096897 55531,,4.4,918.0,918,False,True
Nashik Road,cafe,COFFEE CLUB NX,094212 90675,,4.3,917.0,917,False,True
Nashik Road,fine dining restaurant,Hotel Rama Krishna,094222 64142,,4.5,900.0,900,False,True
Nashik Road,restro bar,Flying Monk,095617 05405,,4.0,843.0,843,False,True
Nashik Road,premium bike modification,Sachi Honda,098816 98884,,4.7,828.0,828,False,True
Nashik Road,fine dining restaurant,Shalimar Restaurant,097662 37520,,3.9,819.0,819,False,True
Nashik Road,specialty coffee shop,Chai tapri Best cafe in Nasik,084848 29129,,3.9,779.0,779,False,True
Nashik Road,premium bakery,Bms Super Market,086055 06738,,3.9,764.0,764,False,True
Nashik Road,chiropractor,Marmaveda Chiropractic (charak) Nashik,088300 55857,,4.8,744.0,744,False,True
Nashik Road,fine dining restaurant,Nandan Thali Restaurant,070306 46488,,4.2,711.0,711,False,True
Nashik Road,premium bakery,RT Bakers & Confectionery,098603 65300,,4.3,706.0,706,False,True
Nashik Road,fine dining restaurant,Swadishta (Swad )Veg Restaurant,0253 241 8868,,3.6,682.0,682,False,True
Nashik Road,specialty coffee shop,Cafe Panchayat,088880 08368,,4.4,678.0,678,False,True
Nashik Road,dentist,Dr Aher's Dental Care,099235 39253,,5.0,676.0,676,False,True
Nashik Road,designer boutique,Bhandari Jewels,070384 74567,,4.8,672.0,672,False,True
Nashik Road,cafe,CHAI KETALI (Ashoka Marg),098909 78676,,4.0,670.0,670,False,True
Nashik Road,specialty coffee shop,Pokket cafe College Road,085303 68669,,4.6,630.0,630,False,True
Nashik Road,fine dining restaurant,Panchali Pure Veg Family Resturant,098507 50837,,3.6,623.0,623,False,True
Nashik Road,cafe,Rambhau Chulivarchi Misal,097627 26403,,4.2,621.0,621,False,True
Nashik Road,pet shop,BHAWANI SWEETS JAIL ROAD,099237 45244,,4.0,618.0,618,False,True
Nashik Road,restro bar,Madras Cafe,084840 98589,,3.7,608.0,608,False,True
Nashik Road,veterinary clinic,Pets Care Hospital,098225 82503,,4.0,607.0,607,False,True
Nashik Road,cafe,Hotel Mazda & Cafe - Best Cafe in Nashik| Family Restaurant in Nashik| Multicusion Restaurant in Nashik,085303 92333,,4.3,541.0,541,False,True
Nashik Road,martial arts academy,Boxing association Nashik,072769 99199,,4.3,527.0,527,False,True
Nashik Road,homeopathy clinic,Dr. Musale's Healing Pearls Homoeopathic Clinic,0253 247 1322,,4.9,520.0,520,False,True
Nashik Road,designer boutique,D.S. Tailors & Readymades,0253 257 2344,,4.1,511.0,511,False,True
Nashik Road,fine dining restaurant,Sai Leela Family Restaurant & Snacks,098226 41888,,3.9,503.0,503,False,True
Nashik Road,cafe,VAISHALI VEG & NON VEG FAMILY RESTAURANT,099755 84828,,4.1,502.0,502,False,True
Nashik Road,premium bike modification,MH-15 CAR DECOR,098228 39661,,4.7,486.0,486,False,True
Nashik Road,cafe,Love At Every Bite Cafe And Cakes,0253 403 2654,,4.7,485.0,485,False,True
Nashik Road,specialty coffee shop,The Breakfast Story Cafe & Bistro,097673 63709,,4.6,474.0,474,False,True
Nashik Road,designer boutique,Ganesh Uttamrao Ashtekar and Sons saraf,099701 61111,,4.9,473.0,473,False,True
Nashik Road,fine dining restaurant,Kopa Kabana's,0253 231 7698,,3.9,471.0,471,False,True
Nashik Road,designer boutique,Ki n Ka Rental Studio,086683 61571,,4.9,468.0,468,False,True
Nashik Road,restro bar,Hotel West In (East End) Family Restaurant and Bar,0253 295 3995,,3.8,455.0,455,False,True
Nashik Road,fine dining restaurant,Badshah Hotel,077093 84000,,4.2,451.0,451,False,True
Nashik Road,specialty coffee shop,Cafe' Xpress,097638 62139,,4.4,443.0,443,False,True
Nashik Road,premium bakery,Campus Choice Bakers,0253 231 6341,,4.0,439.0,439,False,True
Nashik Road,used car dealer,Kamal Auto,094227 70163,,4.0,432.0,432,False,True
Nashik Road,yoga studio,My yog sadhana,094239 64247,,4.8,422.0,422,False,True
Nashik Road,used car dealer,Mayur Car Mall,094222 69159,,4.9,417.0,417,False,True
Nashik Road,restro bar,Samarkand Restaurant,0253 232 5000,,4.2,413.0,413,False,True
Nashik Road,designer boutique,SALRIO TAILORS - Best Tailor in Nashik,090497 95125,,4.9,409.0,409,False,True
Nashik Road,restro bar,HOTEL EXPRESS RESTO & BAR,095799 85559,,4.0,404.0,404,False,True
Nashik Road,bridal makeup studio,KAYAKALP Makeup Studio Salon Academy,091585 24447,,4.7,400.0,400,False,True
Nashik Road,premium bakery,99 Pancakes,090211 85857,,4.1,400.0,400,False,True
Nashik Road,homeopathy clinic,"Dr. Anup Gawande's Shri Homeopathic Clinic In Nashik, Maharashtra, India",099758 89317,,5.0,399.0,399,False,True
Nashik Road,specialty coffee shop,Manjula Sweets,0253 241 4050,,4.2,395.0,395,False,True
Nashik Road,cafe,The Cafe Katta®,097300 22113,,4.2,393.0,393,False,True
Nashik Road,restro bar,URBAN OASIS MULTI-CUISINE,093737 36501,,4.2,379.0,379,False,True
Nashik Road,crossfit box,V Fitness Club,098238 18612,,4.9,375.0,375,False,True
Nashik Road,dentist,GURU Dental Clinic,099220 08188,,4.9,371.0,371,False,True
Nashik Road,crossfit box,14X FITNESS NASHIK,091755 00927,,4.2,370.0,370,False,True
Nashik Road,veterinary clinic,Dr Digvijay Patil’s Pet Perfect . A Complete Pet Care,095273 15599,,4.4,370.0,370,False,True
Nashik Road,cafe,Oye Balle Balle,0253 241 2921,,3.9,369.0,369,False,True
Nashik Road,restro bar,Hotel Rasoi,0253 235 1090,,3.9,366.0,366,False,True
Nashik Road,cafe,Cafe Nirvana,079725 94925,,4.3,359.0,359,False,True
Nashik Road,custom jewelry designer,Anuradha Art Jewellery,0253 230 9580,,4.4,359.0,359,False,True
Nashik Road,premium bakery,Hello Bakers,098902 19555,,4.7,358.0,358,False,True
Nashik Road,premium salon,Sam Unisex Salon | Nashik,086689 93861,,4.8,355.0,355,False,True
Nashik Road,premium salon,Show Stopper Unisex Salon,086980 34013,,4.4,354.0,354,False,True
Nashik Road,modular furniture studio,Shivay Furniture Mall,094222 24267,,4.6,337.0,337,False,True
Nashik Road,cafe,Nashik Chicken Shawarma,099755 53330,,4.9,336.0,336,False,True
Nashik Road,used car dealer,Anand Car Mall & Anand Auto Consultant Nashik,070402 04003,,4.7,331.0,331,False,True
Nashik Road,modular furniture studio,Pelican Furnitures,079770 79703,,4.8,330.0,330,False,True
Nashik Road,fine dining restaurant,Hotel Gandharv Pure Veg Restaurant (best pure veg restaurant in nashik),084840 25388,,4.4,326.0,326,False,True
Nashik Road,fine dining restaurant,"Krave Restaurant ,Lounge and Banquets.",095454 51313,,4.5,323.0,323,False,True
Nashik Road,custom jewelry designer,"Meera Fancy Dresses, Drapery And Ornaments",088306 46650,,4.9,318.0,318,False,True
Nashik Road,premium salon,FABLOOKS SALON & ACADEMY (Family Salon ),098905 59666,,4.9,317.0,317,False,True
Nashik Road,premium bakery,"The Cake Tree (Bakery, Ice-Cream, Cafe and Snacks)",086989 21009,,4.7,313.0,313,False,True
Nashik Road,used car dealer,CAR MALL | Used Car | Pre owned Car | Car Dealer in Nashik,078751 99199,,4.0,312.0,312,False,True
Nashik Road,premium salon,Scissor Palace,097667 33618,,4.4,309.0,309,False,True
Nashik Road,homeopathy clinic,Advait Homoeopathic Clinic,094239 70399,,5.0,306.0,306,False,True
Nashik Road,homeopathy clinic,Spandan Homoeopathic Clinic,098227 60064,,4.9,301.0,301,False,True
Nashik Road,restro bar,HOTEL NEW PADMA BAR And RESTAURANT,090969 49999,,3.5,299.0,299,False,True
Nashik Road,crossfit box,Euphoria Fitness Club,088302 07040,,4.2,297.0,297,False,True
Nashik Road,crossfit box,Abs Fitness & Wellness Nashik,080 3966 4713,,4.4,293.0,293,False,True
Nashik Road,specialty coffee shop,TRC The Reality Cafe,077374 51555,,4.7,292.0,292,False,True
Nashik Road,premium bakery,Bakerz Point,098223 92230,,4.1,291.0,291,False,True
Nashik Road,car detailing studio,Auto Health Care Services,090281 76386,,4.9,290.0,290,False,True
Nashik Road,fine dining restaurant,The Machan's Nature's Bliss | Veg / Non-Veg Restaurant in Nashik | Famous restaurants in Nashik,078210 04239,,3.9,289.0,289,False,True
Nashik Road,crossfit box,Primus Fitness Unisex Gym | Best Unisex Gym in Nashik,072220 15555,,4.8,285.0,285,False,True
Nashik Road,premium salon,Hair Pleasure,091752 67611,,4.5,276.0,276,False,True
Nashik Road,pet shop,FISH POINT AQUARIUM,095618 56363,,4.6,274.0,274,False,True
Nashik Road,pet shop,Saurav's Exotic and Aquatic Pet Store,072760 73535,,4.2,272.0,272,False,True
Nashik Road,homeopathy clinic,Samartha Homeopathic Clinic,097629 99888,,5.0,271.0,271,False,True
Nashik Road,premium salon,M K FAMILY SALON (iT's YoUr TiMe To ShiNe) NASHIK HAIR STYLIST,079728 53676,,4.8,270.0,270,False,True
Nashik Road,designer boutique,DHĀGĀĀ,073870 70776,,4.4,269.0,269,False,True
Nashik Road,cafe,Leafy Veg & Non-Veg Bar Restaurant,099759 24437,,3.9,269.0,269,False,True
Nashik Road,physiotherapist,"Professional Massage & Spa , for Ladies & Gents, Backpain ,Neck & Muscle pain, Muscle Stiffness",095116 19622,,5.0,267.0,267,False,True
Nashik Road,premium bakery,A1 Bakery,099228 27288,,4.3,265.0,265,False,True
Nashik Road,fine dining restaurant,"The Zaffran Restaurant, Nashik",076668 88365,,4.1,265.0,265,False,True
Nashik Road,premium salon,Elegance Salon,081041 00135,,4.8,261.0,261,False,True
Nashik Road,crossfit box,ICON FITNESS HUB UNISEX GYM,087884 91628,,4.9,256.0,256,False,True
Nashik Road,premium salon,B3 Salon and Spa,083297 46157,,4.8,251.0,251,False,True
Nashik Road,premium salon,RT Beauty Salon & Academy,070383 46792,,4.9,250.0,250,False,True
Nashik Road,tattoo studio,V. N. Tattoo and Art Studio,093727 63388,,5.0,248.0,248,False,True
Nashik Road,fine dining restaurant,Mande's Mangotree,088885 00749,,4.1,247.0,247,False,True
Nashik Road,cafe,VFC Cafe,073859 32279,,4.2,247.0,247,False,True
Nashik Road,fine dining restaurant,🍴BHAGAT AHAR BHAWAN,092251 01323,,3.9,244.0,244,False,True
Nashik Road,cafe,Good Karma Restaurant,0253 294 7500,,4.3,244.0,244,False,True
Nashik Road,bridal makeup studio,Honey Beauty Studio & Academy,077568 05341,,4.9,240.0,240,False,True
Nashik Road,restro bar,Hotel Darshan Bar & Restaurant,0253 246 3842,,3.5,239.0,239,False,True
Nashik Road,premium bakery,Meghraj Bakery,098227 43130,,4.2,239.0,239,False,True
Nashik Road,veterinary clinic,Pets Medicare (Dr. Girish Vinayak Patil),098231 65367,,4.6,235.0,235,False,True
Nashik Road,fine dining restaurant,Hotel Nashik Parivaar,088069 03360,,3.9,235.0,235,False,True
Nashik Road,physiotherapist,Gratitude Physiotherapy Fitness & Rehabilitation Centre,091122 55515,,5.0,234.0,234,False,True
Nashik Road,physiotherapist,Harmony Physiotherapy Clinic | Dr. Tanmay Sathe | Dr. Aboli Deshmukh Sathe | Top | The Best Physiotherapy Clinic | Nashik,096652 55077,,4.9,234.0,234,False,True
Nashik Road,custom jewelry designer,Sagar Adgaonkar and Sons | Jewellery Shop in Nashik | Premium Gold Silver and Diamond,077095 26666,,4.8,233.0,233,False,True
Nashik Road,crossfit box,Fit N Fine Gym,0253 406 4254,,4.7,232.0,232,False,True
Nashik Road,custom jewelry designer,Mohiniz Fashion Bucket | Fashion House in Nashik | Ladies' Clothes Shop in Nashik | Best Ladies boutique in Nashik |,086980 14997,,4.9,228.0,228,False,True
Nashik Road,premium bakery,Bakery Kingdom,090212 17430,,4.4,220.0,220,False,True
Nashik Road,specialty coffee shop,Emporio Coffee Lounge (Best Coffee Shop at CCM),084828 16555,,4.8,210.0,210,False,True
